"id","status","sku","title","type","category","brand","short_description","price","sale_price","sale_from","sale_to","stock","min_purchase","max_purchase","weight_grams","dimensions","tax_class"
"7","submitted","LEGACY-174132","عنوان تازهٔ فروشنده 115703","simple","18","برند 115704","توضیح کوتاه بعدی فروشنده 115704","1500000","","","","7","1","","0","",""
"8","changes_requested","LEGACY-174146","عنوان تازهٔ فروشنده 121109","simple","18","برند 121109","توضیح کوتاه بعدی فروشنده 121109","1500000","","","","7","1","","0","",""
"9","submitted","LEGACY-174151","عنوان ه 144617","simple","18","برند 143833","توضیح کوتاه تازه 144617","1500000","","","","7","1","","0","",""
"19","submitted","LEGACY-120402","عنوان ه 155847","simple","18","برند نمونه","توضیح کوتاه تازه 155847","1500000","","","","7","1","","0","",""
"50","submitted","LEGACY-161216","عنوان تازهٔ فروشنده 161219","simple","18","برند نمونه","توضیح کوتاه تازهٔ فروشنده 161219","1500000","","","","7","1","","0","",""
"3","archived","DEMO-OXI-03","عنوان تازهٔ فروشنده 192412","simple","18","برند 192412","توضیح کوتاه بعدی فروشنده 192412","1290000","","","","19","1","","400","",""
"143","submitted","CAT-002","کالای فهرست 002","simple","18","مِدپلاس","ردیف نمونه برای سنجش صفحه‌بندی فهرست مدیر.","1002000","","","","7","1","","0","",""
"148","submitted","CAT-007","کالای فهرست 007","simple","18","آریامد","ردیف نمونه برای سنجش صفحه‌بندی فهرست مدیر.","1007000","","","","12","1","","0","",""
"2","archived","DEMO-BPM-02","عنوان تازهٔ فروشنده 180315","simple","18","برند 180316","توضیح کوتاه بعدی فروشنده 180315","3890000","","","","7","1","","400","",""
"153","submitted","CAT-012","کالای فهرست 012","simple","18","سلامت‌گستر","ردیف نمونه برای سنجش صفحه‌بندی فهرست مدیر.","1012000","","","","17","1","","0","",""
"158","submitted","CAT-017","کالای فهرست 017","simple","18","تک‌طب","ردیف نمونه برای سنجش صفحه‌بندی فهرست مدیر.","1017000","","","","22","1","","0","",""
"163","submitted","CAT-022","کالای فهرست 022","simple","18","مِدپلاس","ردیف نمونه برای سنجش صفحه‌بندی فهرست مدیر.","1022000","","","","27","1","","0","",""
"168","submitted","CAT-027","کالای فهرست 027","simple","18","آریامد","ردیف نمونه برای سنجش صفحه‌بندی فهرست مدیر.","1027000","","","","32","1","","0","",""
"16","submitted","LEGACY-193230","عنوان ه 195621","simple","18","برند 155805","توضیح کوتاه تازه 195620","1500000","","","","7","1","","0","",""
"177","draft","","","simple","","","","0","","","","0","1","","0","",""
"176","draft","","","simple","","","","0","","","","0","1","","0","",""
"15","published","LEGACY-193216","عنوان ه 195619","simple","18","برند نمونه","توضیح کوتاه تازه 195619","1500000","","","","7","1","","0","",""
"12","published","LEGACY-174317","عنوان ه 195617","simple","18","برند نمونه","توضیح کوتاه تازه 195617","1500000","","","","7","1","","0","",""
"11","published","LEGACY-174313","عنوان ه 195616","simple","18","برند نمونه","توضیح کوتاه تازه 195616","1500000","","","","7","1","","0","",""
"10","published","LEGACY-174258","عنوان ه 195614","simple","18","برند نمونه","توضیح کوتاه تازه 195614","1500000","","","","7","1","","0","",""
"34","published","LEGACY-144302","عنوان ه 195612","simple","18","برند نمونه","توضیح کوتاه تازه 195612","1500000","","","","7","1","","0","",""
"33","published","LEGACY-144227","عنوان ه 195610","simple","18","برند نمونه","توضیح کوتاه تازه 195610","1500000","","","","7","1","","0","",""
"32","published","LEGACY-144224","عنوان ه 195600","simple","18","برند نمونه","توضیح کوتاه تازه 195600","1500000","","","","7","1","","0","",""
"175","published","LEGACY-195545","عنوانی که مدیر در ووکامرس نوشته","simple","18","برند نمونه","توضیح کوتاهی که مدیر در ووکامرس نوشته","1500000","","","","7","1","","0","",""
"174","published","LEGACY-195532","عنوان تازهٔ فروشنده 195536","simple","18","برند نمونه","توضیح کوتاه تازهٔ فروشنده 195536","1500000","","","","7","1","","0","",""
"173","published","LEGACY-195527","محصول نسخهٔ قدیمی","simple","18","برند نمونه","توضیح کوتاه اولیهٔ فروشنده","1500000","","","","7","1","","0","",""
"172","published","LEGACY-195514","عنوانی که مدیر در ووکامرس نوشته","simple","18","برند نمونه","توضیح کوتاهی که مدیر در ووکامرس نوشته","1500000","","","","7","1","","0","",""
"31","published","LEGACY-144213","عنوان تازهٔ فروشنده 195505","simple","18","برند 195505","توضیح کوتاه بعدی فروشنده 195505","1500000","","","","7","1","","0","",""
"30","published","LEGACY-144154","عنوان ویرایش‌شدهٔ مدیر 195502","simple","18","برند 195502","توضیح کوتاه بعدی فروشنده 195502","1500000","","","","7","1","","0","",""
"29","published","LEGACY-144144","عنوان تازهٔ فروشنده 195420","simple","18","برند 195420","توضیح کوتاه بعدی فروشنده 195420","1500000","","","","7","1","","0","",""
"28","published","LEGACY-121855","عنوان ویرایش‌شدهٔ مدیر 195418","simple","18","برند 195418","توضیح کوتاه بعدی فروشنده 195418","1500000","","","","7","1","","0","",""
"27","published","LEGACY-121852","محصول نسخهٔ قدیمی","simple","18","برند نمونه","توضیح کوتاه پایه برای این اجرا","1500000","","","","7","1","","0","",""
"20","published","LEGACY-120413","عنوان ه 161200","simple","18","برند نمونه","توضیح کوتاه پایه برای این اجرا","1500000","","","","7","1","","0","",""
"26","published","LEGACY-121842","عنوانی که مدیر در ووکامرس نوشته","simple","18","برند نمونه","توضیح کوتاه پایه برای این اجرا","1500000","","","","7","1","","0","",""
"24","published","LEGACY-120455","عنوان تازهٔ فروشنده 161142","simple","18","برند 161142","توضیح کوتاه پایه برای این اجرا","1500000","","","","7","1","","0","",""
"23","published","LEGACY-120451","عنوان ویرایش‌شدهٔ مدیر 161140","simple","18","برند 161140","توضیح کوتاه پایه برای این اجرا","1500000","","","","7","1","","0","",""
"22","published","LEGACY-120442","عنوانی که مدیر در ووکامرس نوشته","simple","18","برند نمونه","توضیح کوتاه پایه برای این اجرا","1500000","","","","7","1","","0","",""
"21","published","LEGACY-120416","عنوانی که مدیر وسط بررسی اصلاح کرد 195404","simple","18","برند نمونه","توضیح کوتاه متفاوتِ فروشنده 195404","1500000","","","","7","1","","0","",""
"17","published","LEGACY-193234","عنوان ه 161112","simple","18","برند 155807","توضیح کوتاه متفاوتِ فروشنده 195402","1500000","","","","7","1","","0","",""
"171","archived","CAT-030","کالای فهرست 030","simple","18","مِدپلاس","ردیف نمونه برای سنجش صفحه‌بندی فهرست مدیر.","1030000","","","","35","1","","0","",""
"170","submitted","CAT-029","کالای فهرست 029","simple","18","تک‌طب","ردیف نمونه برای سنجش صفحه‌بندی فهرست مدیر.","1029000","","","","34","1","","0","",""
"169","published","CAT-028","کالای فهرست 028","simple","18","سلامت‌گستر","ردیف نمونه برای سنجش صفحه‌بندی فهرست مدیر.","1028000","","","","33","1","","0","",""
"167","draft","CAT-026","کالای فهرست 026","simple","18","مِدپلاس","ردیف نمونه برای سنجش صفحه‌بندی فهرست مدیر.","1026000","","","","31","1","","0","",""
"166","archived","CAT-025","کالای فهرست 025","simple","18","تک‌طب","ردیف نمونه برای سنجش صفحه‌بندی فهرست مدیر.","1025000","","","","30","1","","0","",""
"165","submitted","CAT-024","کالای فهرست 024","simple","18","سلامت‌گستر","ردیف نمونه برای سنجش صفحه‌بندی فهرست مدیر.","1024000","","","","29","1","","0","",""
"164","published","CAT-023","کالای فهرست 023","simple","18","آریامد","ردیف نمونه برای سنجش صفحه‌بندی فهرست مدیر.","1023000","","","","28","1","","0","",""
"162","draft","CAT-021","کالای فهرست 021","simple","18","تک‌طب","ردیف نمونه برای سنجش صفحه‌بندی فهرست مدیر.","1021000","","","","26","1","","0","",""
"161","archived","CAT-020","کالای فهرست 020","simple","18","سلامت‌گستر","ردیف نمونه برای سنجش صفحه‌بندی فهرست مدیر.","1020000","","","","25","1","","0","",""
"160","submitted","CAT-019","کالای فهرست 019","simple","18","آریامد","ردیف نمونه برای سنجش صفحه‌بندی فهرست مدیر.","1019000","","","","24","1","","0","",""
"159","published","CAT-018","کالای فهرست 018","simple","18","مِدپلاس","ردیف نمونه برای سنجش صفحه‌بندی فهرست مدیر.","1018000","","","","23","1","","0","",""
"157","draft","CAT-016","کالای فهرست 016","simple","18","سلامت‌گستر","ردیف نمونه برای سنجش صفحه‌بندی فهرست مدیر.","1016000","","","","21","1","","0","",""
"156","archived","CAT-015","کالای فهرست 015","simple","18","آریامد","ردیف نمونه برای سنجش صفحه‌بندی فهرست مدیر.","1015000","","","","20","1","","0","",""
"155","submitted","CAT-014","کالای فهرست 014","simple","18","مِدپلاس","ردیف نمونه برای سنجش صفحه‌بندی فهرست مدیر.","1014000","","","","19","1","","0","",""
"154","published","CAT-013","کالای فهرست 013","simple","18","تک‌طب","ردیف نمونه برای سنجش صفحه‌بندی فهرست مدیر.","1013000","","","","18","1","","0","",""
"152","draft","CAT-011","کالای فهرست 011","simple","18","آریامد","ردیف نمونه برای سنجش صفحه‌بندی فهرست مدیر.","1011000","","","","16","1","","0","",""
"151","archived","CAT-010","کالای فهرست 010","simple","18","مِدپلاس","ردیف نمونه برای سنجش صفحه‌بندی فهرست مدیر.","1010000","","","","15","1","","0","",""
"150","submitted","CAT-009","کالای فهرست 009","simple","18","تک‌طب","ردیف نمونه برای سنجش صفحه‌بندی فهرست مدیر.","1009000","","","","14","1","","0","",""
"149","published","CAT-008","کالای فهرست 008","simple","18","سلامت‌گستر","ردیف نمونه برای سنجش صفحه‌بندی فهرست مدیر.","1008000","","","","13","1","","0","",""
"147","draft","CAT-006","کالای فهرست 006","simple","18","مِدپلاس","ردیف نمونه برای سنجش صفحه‌بندی فهرست مدیر.","1006000","","","","11","1","","0","",""
"146","archived","CAT-005","کالای فهرست 005","simple","18","تک‌طب","ردیف نمونه برای سنجش صفحه‌بندی فهرست مدیر.","1005000","","","","10","1","","0","",""
"145","submitted","CAT-004","کالای فهرست 004","simple","18","سلامت‌گستر","ردیف نمونه برای سنجش صفحه‌بندی فهرست مدیر.","1004000","","","","9","1","","0","",""
"144","published","CAT-003","کالای فهرست 003","simple","18","آریامد","ردیف نمونه برای سنجش صفحه‌بندی فهرست مدیر.","1003000","","","","8","1","","0","",""
"142","draft","CAT-001","کالای فهرست 001","simple","18","تک‌طب","ردیف نمونه برای سنجش صفحه‌بندی فهرست مدیر.","1001000","","","","6","1","","0","",""
"51","draft","","","simple","","","","0","","","","0","1","","0","",""
"49","published","LEGACY-161213","محصول نسخهٔ قدیمی","simple","18","برند نمونه","توضیح کوتاه اولیهٔ فروشنده","1500000","","","","7","1","","0","",""
"48","published","LEGACY-161202","عنوانی که مدیر در ووکامرس نوشته","simple","18","برند نمونه","توضیح کوتاهی که مدیر در ووکامرس نوشته","1500000","","","","7","1","","0","",""
"47","published","LEGACY-161147","عنوانی که مدیر در ووکامرس نوشته","simple","18","برند نمونه","توضیح کوتاهی که مدیر در ووکامرس نوشته","1500000","","","","7","1","","0","",""
"46","draft","","","simple","","","","0","","","","0","1","","0","",""
"45","published","LEGACY-155835","عنوانی که مدیر در ووکامرس نوشته","simple","18","برند نمونه","توضیح کوتاهی که مدیر در ووکامرس نوشته","1500000","","","","7","1","","0","",""
"44","published","LEGACY-155826","عنوان تازهٔ فروشنده 155829","simple","18","برند نمونه","توضیح کوتاه تازهٔ فروشنده 155829","1500000","","","","7","1","","0","",""
"43","published","LEGACY-155822","محصول نسخهٔ قدیمی","simple","18","برند نمونه","توضیح کوتاه اولیهٔ فروشنده","1500000","","","","7","1","","0","",""
"42","published","LEGACY-155812","عنوانی که مدیر در ووکامرس نوشته","simple","18","برند نمونه","توضیح کوتاهی که مدیر در ووکامرس نوشته","1500000","","","","7","1","","0","",""
"41","draft","","","simple","","","","0","","","","0","1","","0","",""
"40","published","LEGACY-144606","عنوانی که مدیر در ووکامرس نوشته","simple","18","برند نمونه","توضیح کوتاهی که مدیر در ووکامرس نوشته","1500000","","","","7","1","","0","",""
"39","published","LEGACY-144344","عنوان تازهٔ فروشنده 144347","simple","18","برند نمونه","توضیح کوتاه تازهٔ فروشنده 144347","1500000","","","","7","1","","0","",""
"38","published","LEGACY-144341","محصول نسخهٔ قدیمی","simple","18","برند نمونه","توضیح کوتاه اولیهٔ فروشنده","1500000","","","","7","1","","0","",""
"37","published","LEGACY-144331","عنوانی که مدیر در ووکامرس نوشته","simple","18","برند نمونه","توضیح کوتاهی که مدیر در ووکامرس نوشته","1500000","","","","7","1","","0","",""
"36","published","LEGACY-144314","عنوان تازهٔ فروشنده 144317","simple","18","برند نمونه","توضیح کوتاه تازهٔ فروشنده 144317","1500000","","","","7","1","","0","",""
"35","published","LEGACY-144311","محصول نسخهٔ قدیمی","simple","18","برند نمونه","توضیح کوتاه اولیهٔ فروشنده","1500000","","","","7","1","","0","",""
"25","draft","","","simple","","","","0","","","","0","1","","0","",""
"18","draft","","","simple","","","","0","","","","0","1","","0","",""
"14","draft","","","simple","","","","0","","","","0","1","","0","",""
"13","draft","","","simple","","","","0","","","","0","1","","0","",""
"1","draft","DEMO-STETH-01","عنوان تازهٔ فروشنده 200655","simple","18","برند نمونه","توضیح کوتاه بعدی فروشنده 200655","2450000","","","","12","1","","400","",""
"6","draft","","","simple","","","","0","","","","0","1","","0","",""
"5","draft","","","simple","","","","0","","","","0","1","","0","",""
"4","draft","","","simple","","","","0","","","","0","1","","0","",""
